MessagePayload,ReceivedDateTime,Id
new user registered,05/03/2021 19:12:44,39
new user registered,05/03/2021 19:12:48,40
new user registered 2,05/03/2021 19:12:55,41
new user registered 3,05/03/2021 19:13:00,42
new user registered 4,05/03/2021 19:13:04,43
new user registered 5,05/03/2021 19:13:09,44
new user registered 6,05/03/2021 19:13:14,45
new user registered 7,05/03/2021 19:13:19,46
new user registered 8,05/03/2021 19:13:23,47
new user registered 9,05/03/2021 19:13:28,48
new user registered 10,05/03/2021 19:13:36,49
Test repost message,05/03/2021 21:12:09,50
